<?xml version="1.0" encoding="UTF-8"?>
<project-private xmlns="http://www.netbeans.org/ns/project-private/1">
    <editor-bookmarks xmlns="http://www.netbeans.org/ns/editor-bookmarks/2" lastBookmarkId="0"/>
    <open-files xmlns="http://www.netbeans.org/ns/projectui-open-files/2">
        <group>
            <file>file:/C:/Users/siraphat/Documents/Expert%20System%20Covid-19/Expert%20System%20Covid-19/src/expert/system/covid/pkg19/Q10.java</file>
            <file>file:/C:/Users/siraphat/Documents/Expert%20System%20Covid-19/Expert%20System%20Covid-19/src/expert/system/covid/pkg19/How_to.java</file>
            <file>file:/C:/Users/siraphat/Documents/Expert%20System%20Covid-19/Expert%20System%20Covid-19/src/expert/system/covid/pkg19/startQ.java</file>
            <file>file:/C:/Users/siraphat/Documents/Expert%20System%20Covid-19/Expert%20System%20Covid-19/src/expert/system/covid/pkg19/6.JPG</file>
            <file>file:/C:/Users/siraphat/Documents/Expert%20System%20Covid-19/Expert%20System%20Covid-19/src/expert/system/covid/pkg19/seeDoctor.java</file>
            <file>file:/C:/Users/siraphat/Documents/Expert%20System%20Covid-19/Expert%20System%20Covid-19/src/expert/system/covid/pkg19/2.JPG</file>
            <file>file:/C:/Users/siraphat/Documents/Expert%20System%20Covid-19/Expert%20System%20Covid-19/src/expert/system/covid/pkg19/AnalysePage4_5.java</file>
            <file>file:/C:/Users/siraphat/Documents/Expert%20System%20Covid-19/Expert%20System%20Covid-19/src/expert/system/covid/pkg19/seeDoctor2.java</file>
            <file>file:/C:/Users/siraphat/Documents/Expert%20System%20Covid-19/Expert%20System%20Covid-19/src/expert/system/covid/pkg19/AnalysePage6_7.java</file>
            <file>file:/C:/Users/siraphat/Documents/Expert%20System%20Covid-19/Expert%20System%20Covid-19/src/expert/system/covid/pkg19/7.JPG</file>
            <file>file:/C:/Users/siraphat/Documents/Expert%20System%20Covid-19/Expert%20System%20Covid-19/src/expert/system/covid/pkg19/AnalysePage1_3.java</file>
            <file>file:/C:/Users/siraphat/Documents/Expert%20System%20Covid-19/Expert%20System%20Covid-19/src/expert/system/covid/pkg19/8.JPG</file>
            <file>file:/C:/Users/siraphat/Documents/Expert%20System%20Covid-19/Expert%20System%20Covid-19/src/expert/system/covid/pkg19/123.png</file>
            <file>file:/C:/Users/siraphat/Documents/Expert%20System%20Covid-19/Expert%20System%20Covid-19/src/expert/system/covid/pkg19/3.JPG</file>
            <file>file:/C:/Users/siraphat/Documents/Expert%20System%20Covid-19/Expert%20System%20Covid-19/src/expert/system/covid/pkg19/Q1.java</file>
            <file>file:/C:/Users/siraphat/Documents/Expert%20System%20Covid-19/Expert%20System%20Covid-19/src/expert/system/covid/pkg19/1.JPG</file>
            <file>file:/C:/Users/siraphat/Documents/Expert%20System%20Covid-19/Expert%20System%20Covid-19/src/expert/system/covid/pkg19/ExpertSystemCovid19.java</file>
            <file>file:/C:/Users/siraphat/Documents/Expert%20System%20Covid-19/Expert%20System%20Covid-19/src/expert/system/covid/pkg19/AnalysePage8_9.java</file>
            <file>file:/C:/Users/siraphat/Documents/Expert%20System%20Covid-19/Expert%20System%20Covid-19/src/expert/system/covid/pkg19/AnalysePage.java</file>
        </group>
    </open-files>
</project-private>
